{
	"format_version": "1.8.0",
	"animations": {
		"animation.draw": {
			"loop": "hold_on_last_frame",
			"animation_length": 1.2083,
			"bones": {
				"katana_root": {
					"rotation": {
						"0.0": {
							"vector": [0, 0, 0]
						},
						"0.0833": {
							"vector": [0, 0, 0]
						},
						"0.1667": {
							"vector": [-7.5, 0, 0]
						},
						"0.25": {
							"vector": [-9.54715, 5.60288, -19.21342]
						},
						"0.3333": {
							"vector": [-12.56967, 10.04627, -21.56543]
						},
						"0.5833": {
							"vector": [-36.26643, 15.84973, -54.8681]
						},
						"0.625": {
							"vector": [-45.76643, 15.84973, -54.8681]
						},
						"0.7083": {
							"vector": [-47.29391, 17.71165, -58.98263]
						},
						"0.7917": {
							"vector": [-57.63617, 19.60705, -66.05678]
						}
					},
					"position": {
						"0.0": {
							"vector": [0, 0, 0]
						},
						"0.0833": {
							"vector": [0, 0, 0]
						},
						"0.1667": {
							"vector": [0, 1, 0]
						},
						"0.25": {
							"vector": [0.575, 2, -0.25]
						},
						"0.5833": {
							"vector": [4.445, 4.55, -1.05]
						},
						"0.7917": {
							"vector": [3.74, 4.55, -0.05]
						}
					},
					"scale": {
						"0.0": {
							"vector": [1, 1, 1]
						},
						"0.0833": {
							"vector": [1, 1, 1]
						}
					}
				},
				"blade_root": {
					"rotation": {
						"0.0": {
							"vector": [0, 0, 0]
						},
						"0.1667": {
							"vector": [0, 0, 0]
						},
						"0.25": {
							"vector": [-1.25, 0, 0]
						},
						"0.3333": {
							"vector": [-1.75, 0, 0]
						},
						"0.4167": {
							"vector": [-1.54588, 0.36985, -7.08337]
						},
						"0.5417": {
							"vector": [-6.04588, 0.36985, -7.08337]
						},
						"0.625": {
							"vector": [-7.29588, 0.36985, -7.08337]
						},
						"0.6667": {
							"vector": [-8.04588, 0.36985, -7.08337]
						},
						"0.7083": {
							"vector": [-9.79588, 0.36985, -7.08337]
						},
						"0.7917": {
							"vector": [-11.79588, 0.36985, -7.08337]
						},
						"0.9583": {
							"vector": [-93.19106, 66.09331, -87.43798]
						},
						"1.0833": {
							"vector": [-284.14485, 78.94197, -278.48909]
						},
						"1.1667": {
							"vector": [-343.2071, 55.74193, -337.95122],
							"easing": "easeInQuart"
						}
					},
					"position": {
						"0.0": {
							"vector": [0, 0, 0]
						},
						"0.1667": {
							"vector": [0, 0, 0]
						},
						"0.25": {
							"vector": [0, 0, -1]
						},
						"0.3333": {
							"vector": [0, 0, -4]
						},
						"0.4167": {
							"vector": [0.25, 0.125, -5.875]
						},
						"0.5417": {
							"vector": [0.25, 0.13, -10.795]
						},
						"0.625": {
							"vector": [0.25, 0.13, -12.865]
						},
						"0.7083": {
							"vector": [0.25, 0.13, -16.485]
						},
						"0.7917": {
							"vector": [0.25, 0.13, -18.68]
						},
						"0.8333": {
							"vector": [0.25, 0.13, -19.68]
						},
						"0.9583": {
							"vector": [0.90625, -0.97224, -16.83468]
						},
						"1.0833": {
							"vector": [1.04507, -2.63287, -12.80169]
						},
						"1.1667": {
							"vector": [0.71086, -2.49264, -12.26277]
						}
					}
				},
				"sheath": {
					"rotation": {
						"0.0": {
							"vector": [0, 0, 0]
						},
						"0.1667": {
							"vector": [0, 0, 0]
						},
						"0.25": {
							"vector": [1.5, 0, 0]
						},
						"0.4167": {
							"vector": [5.58728, 1.71048, -10.86782]
						},
						"0.6667": {
							"vector": [4.84355, 3.20335, -10.72156]
						},
						"0.7917": {
							"vector": [4.84355, 3.20335, -10.72156]
						},
						"0.875": {
							"vector": [27.39887, -38.05806, -10.2198]
						},
						"1.0417": {
							"vector": [25.52317, -63.66994, 12.70569]
						}
					},
					"position": {
						"0.0": {
							"vector": [0, 0, 0]
						},
						"0.1667": {
							"vector": [0, 0, 0]
						},
						"0.25": {
							"vector": [0, 0.275, 1.3]
						},
						"0.4167": {
							"vector": [-0.125, 1.905, 1.7]
						},
						"0.625": {
							"vector": [0.345, 1.91, 3.05]
						},
						"0.6667": {
							"vector": [0.34, 1.91, 4.05]
						},
						"0.7917": {
							"vector": [0.34, 1.91, 4.05]
						},
						"0.875": {
							"vector": [-3.34488, 2.53559, -4.53357]
						},
						"1.0417": {
							"vector": [-8.893, 3.84589, -10.9214]
						}
					}
				}
			}
		},
		"animation.idle": {
			"loop": true,
			"animation_length": 2,
			"bones": {
				"katana_root": {
					"rotation": {
						"vector": [-57.63617, 19.60705, -66.05678]
					},
					"position": {
						"vector": [3.74, 4.55, -0.05]
					},
					"scale": {
						"vector": [1, 1, 1]
					}
				},
				"blade_root": {
					"rotation": {
						"0.0": {
							"vector": [-350.52091, 56.88125, -346.73543],
							"easing": "easeInQuart"
						},
						"0.2917": {
							"vector": [-336.4826, 77.23337, -338.26107]
						},
						"0.4583": {
							"vector": [-189.90273, 73.66226, -190.51708]
						},
						"0.6667": {
							"vector": [-216.51498, 79.40244, -217.50881]
						},
						"0.875": {
							"vector": [-226.5275, 81.5577, -222.49001]
						},
						"1.0833": {
							"vector": [-237.71844, 79.39315, -232.8208]
						},
						"1.2917": {
							"vector": [-299.50843, 78.76653, -296.09514]
						},
						"1.5": {
							"vector": [-326.84663, 71.90539, -324.54733]
						},
						"1.9583": {
							"vector": [-350.52091, 56.88125, -346.73543],
							"easing": "easeInQuart"
						}
					},
					"position": {
						"0.0": {
							"vector": [0.71086, -2.49264, -12.26277]
						},
						"0.2917": {
							"vector": [1.69, -1.49, -12.795]
						},
						"0.4583": {
							"vector": [1.66, -1.015, -13.485]
						},
						"0.875": {
							"vector": [0.86, -1.49, -13.18]
						},
						"1.0833": {
							"vector": [0.86, -1.49, -12.655]
						},
						"1.5": {
							"vector": [1.095, -2.06, -12.655]
						},
						"1.9583": {
							"vector": [0.71086, -2.49264, -12.26277]
						}
					}
				},
				"sheath": {
					"rotation": {
						"vector": [25.52317, -63.66994, 12.70569]
					},
					"position": {
						"vector": [-8.893, 3.84589, -10.9214]
					}
				}
			}
		},
		"animation.slashtleftbright": {
			"loop": "hold_on_last_frame",
			"animation_length": 0.5,
			"bones": {
				"katana_root": {
					"rotation": {
						"0.0": {
							"vector": [-57.63617, 19.60705, -66.05678]
						},
						"0.4167": {
							"vector": [-57.63617, 19.60705, -66.05678]
						}
					},
					"position": {
						"0.0": {
							"vector": [3.74, 4.55, -0.05]
						},
						"0.4167": {
							"vector": [3.74, 4.55, -0.05]
						}
					},
					"scale": {
						"0.0": {
							"vector": [1, 1, 1]
						},
						"0.4167": {
							"vector": [1, 1, 1]
						}
					}
				},
				"blade_root": {
					"rotation": {
						"0.0": {
							"vector": [-350.52091, 56.88125, -346.73543],
							"easing": "easeInQuart"
						},
						"0.1667": {
							"vector": [-319.17446, 61.54112, -374.06617]
						},
						"0.2083": {
							"vector": [-311.90979, 54.42204, -358.7654]
						},
						"0.25": {
							"vector": [-336.21222, 55.71696, -360.38027]
						},
						"0.3333": {
							"vector": [-453.06707, 58.30681, -363.61002]
						},
						"0.4167": {
							"vector": [-458.06707, 58.30681, -363.61002]
						},
						"0.4583": {
							"vector": [-381.85544, 51.78862, -323.85739]
						},
						"0.5": {
							"vector": [-350.52091, 56.88125, -346.73543],
							"easing": "easeInQuart"
						}
					},
					"position": {
						"0.0": {
							"vector": [0.71086, -2.49264, -12.26277]
						},
						"0.1667": {
							"vector": [6.685, 0.76, -10.26]
						},
						"0.2083": {
							"vector": [3.775, -0.495, -10.655]
						},
						"0.25": {
							"vector": [2.35, -1.38, -11.03]
						},
						"0.3333": {
							"vector": [-8.45, 1.505, -17.325]
						},
						"0.4167": {
							"vector": [-8.45, 2.28, -17.325]
						},
						"0.4583": {
							"vector": [-5.795, -0.585, -14.49]
						},