{
	"format_version": "1.8.0",
	"animations": {
		"animation.draw": {
			"loop": "hold_on_last_frame",
			"animation_length": 1.2083,
			"bones": {
				"left_arm": {
					"rotation": {
						"0.0": {
							"vector": [0, 0, 0]
						},
						"0.125": {
							"vector": [-15, 0, 17.5]
						},
						"0.2083": {
							"vector": [-15.34721, 12.06754, 14.21604]
						},
						"0.25": {
							"vector": [-4.72357, 12.36147, 6.13483]
						},
						"0.4167": {
							"vector": [3.68728, 11.63917, -1.4974]
						},
						"0.5417": {
							"vector": [-8.23678, 11.77072, -34.70708]
						},
						"0.5833": {
							"vector": [-7.40345, 11.77072, -34.70708]
						},
						"0.625": {
							"vector": [-5.32011, 11.77072, -34.70708]
						},
						"0.6667": {
							"vector": [1.13607, 11.84664, -37.77098]
						},
						"0.7917": {
							"vector": [1.13607, 11.84664, -37.77098]
						},
						"1.0417": {
							"vector": [0, 0, 0]
						}
					},
					"position": {
						"0.0": {
							"vector": [0, 0, 0]
						},
						"0.2083": {
							"vector": [0, 0, 0.075]
						},
						"0.625": {
							"vector": [1.225, -0.36, 0.08]
						},
						"0.6667": {
							"vector": [1.775, -0.825, 0.08]
						},
						"0.7917": {
							"vector": [1.775, -0.825, 0.08]
						},
						"1.0417": {
							"vector": [0, 0, 0]
						}
					},
					"scale": {
						"0.0": {
							"vector": [1, 1, 1]
						},
						"1.0417": {
							"vector": [1, 1, 1]
						}
					}
				},
				"right_arm": {
					"rotation": {
						"0.0": {
							"vector": [0, 0, 0]
						},
						"0.125": {
							"vector": [-40, 0, -55]
						},
						"0.2083": {
							"vector": [-42.5, 0, -56.25]
						},
						"0.3333": {
							"vector": [-67.45655, -3.46419, -57.68681]
						},
						"0.4167": {
							"vector": [-80.12488, -9.89002, -56.21915]
						},
						"0.5417": {
							"vector": [-99.40543, -7.21167, -51.86847]
						},
						"0.625": {
							"vector": [-116.90543, -7.21167, -51.86847]
						},
						"0.7083": {
							"vector": [-121.60161, -1.00968, -56.09871]
						},
						"0.7917": {
							"vector": [-147.4294, 8.8984, -66.57712]
						},
						"1.0833": {
							"vector": [-65.09545, 26.85717, -61.83806]
						},
						"1.1667": {
							"vector": [-55.73605, 11.73585, -34.24506]
						}
					},
					"position": {
						"0.0": {
							"vector": [0, 0, 0]
						},
						"0.1667": {
							"vector": [0, 0, 0]
						},
						"0.2083": {
							"vector": [1.51, 0, -0.81]
						},
						"0.25": {
							"vector": [1.325, 0, -1.625]
						},
						"0.3333": {
							"vector": [1.32, 0, -3.08]
						},
						"0.4167": {
							"vector": [1.32, 0, -3.645]
						},
						"0.7917": {
							"vector": [-1.03, 1.58, -2.79]
						}
					},
					"scale": {
						"vector": [1, 1, 1]
					}
				}
			}
		},
		"animation.idle": {
			"loop": true,
			"animation_length": 2,
			"bones": {
				"left_arm": {
					"rotation": {
						"vector": [0, 0, 0]
					},
					"position": {
						"vector": [0, 0, 0]
					},
					"scale": {
						"vector": [1, 1, 1]
					}
				},
				"right_arm": {
					"rotation": {
						"0.0": {
							"vector": [-55.73605, 11.73585, -34.24506]
						},
						"0.4583": {
							"vector": [-77.9144, 22.28191, -79.56526]
						},
						"0.875": {
							"vector": [-73.81175, 28.36044, -72.27804]
						},
						"1.0833": {
							"vector": [-66.76198, 26.69103, -67.74996]
						},
						"1.9583": {
							"vector": [-55.73605, 11.73585, -34.24506]
						}
					},
					"position": {
						"0.0": {
							"vector": [-1.03, 1.58, -2.79]
						},
						"0.4583": {
							"vector": [-1.03, 1.58, -1.79]
						},
						"1.9583": {
							"vector": [-1.03, 1.58, -2.79]
						}
					},
					"scale": {
						"0.0": {
							"vector": [1, 1, 1]
						},
						"1.9583": {
							"vector": [1, 1, 1]
						}
					}
				}
			}
		},
		"animation.slashtleftbright": {
			"loop": "hold_on_last_frame",
			"animation_length": 0.5,
			"bones": {
				"left_arm": {
					"rotation": {
						"0.0": {
							"vector": [0, 0, 0]
						},
						"0.0417": {
							"vector": [-7.22204, 0.76101, 2.17971]
						},
						"0.0833": {
							"vector": [-19.49136, 0.67654, -0.5688]
						},
						"0.2083": {
							"vector": [-13.98272, 1.35308, -1.13761]
						},
						"0.2917": {
							"vector": [19.28023, 2.36788, -1.99082]
						},
						"0.3333": {
							"vector": [4.89169, 2.70615, -2.27522]
						},
						"0.4167": {
							"vector": [0, 0, 0]
						}
					},
					"position": {
						"0.0": {
							"vector": [0, 0, 0]
						},
						"0.4167": {
							"vector": [0, 0, 0]
						}
					},
					"scale": {
						"0.0": {
							"vector": [1, 1, 1]
						},
						"0.4167": {
							"vector": [1, 1, 1]
						}
					}
				},
				"right_arm": {
					"rotation": {
						"0.0": {
							"vector": [-55.73605, 11.73585, -34.24506]
						},
						"0.1667": {
							"vector": [-66.1473, -35.45336, -58.99063]
						},
						"0.2083": {
							"vector": [-63.53213, -24.09197, -55.07808]
						},
						"0.25": {
							"vector": [-62.32724, -8.16168, -48.83153]
						},
						"0.3333": {
							"vector": [1.62846, 67.29713, 51.82949]
						},
						"0.4167": {
							"vector": [18.79351, 65.95066, 70.50221]
						},
						"0.5": {
							"vector": [-55.73605, 11.73585, -34.24506]
						}
					},
					"position": {
						"0.0": {
							"vector": [-1.03, 1.58, -2.79]
						},
						"0.3333": {
							"vector": [-1.03, -1.42, -2.79]
						},
						"0.4167": {
							"vector": [-1.03, -1.42, -2.79]
						},
						"0.5": {
							"vector": [-1.03, 1.58, -2.79]
						}
					},
					"scale": {
						"0.0": {
							"vector": [1, 1, 1]
						},
						"0.5": {
							"vector": [1, 1, 1]
						}
					}
				}
			}
		},
		"animation.sheath": {
			"animation_length": 1.1667,
			"bones": {
				"left_arm": {
					"rotation": {
						"0.125": {
							"vector": [0, 0, 0]
						},
						"0.375": {
							"vector": [1.13607, 11.84664, -37.77098]
						},
						"0.5": {
							"vector": [1.13607, 11.84664, -37.77098]
						},
						"0.5417": {
							"vector": [-5.32011, 11.77072, -34.70708]
						},
						"0.5833": {
							"vector": [-7.40345, 11.77072, -34.70708]
						},
						"0.625": {
							"vector": [-8.23678, 11.77072, -34.70708]
						},
						"0.75": {
							"vector": [3.68728, 11.63917, -1.4974]
						},
						"0.9167": {
							"vector": [-4.72357, 12.36147, 6.13483]
						},
						"0.9583": {
							"vector": [-15.34721, 12.06754, 14.21604]
						},
						"1.0417": {
							"vector": [-15, 0, 17.5]
						},
						"1.1667": {
							"vector": [0, 0, 0]
						}
					},
					"position": {
						"0.125": {
							"vector": [0, 0, 0]
						},
						"0.375": {
							"vector": [1.775, -0.825, 0.08]
						},
						"0.5": {
							"vector": [1.775, -0.825, 0.08]
						},
						"0.5417": {
							"vector": [1.225, -0.36, 0.08]
						},
						"0.9583": {
							"vector": [0, 0, 0.075]
						},
						"1.1667": {
							"vector": [0, 0, 0]
						}
					},
					"scale": {
						"0.125": {
							"vector": [1, 1, 1]
						},
						"1.1667": {
							"vector": [1, 1, 1]
						}
					}
				},
				"right_arm": {
					"rotation": {
						"0.0": {
							"vector": [-55.73605, 11.73585, -34.24506]
						},
						"0.0833": {
							"vector": [-65.09545, 26.85717, -61.83806]
						},
						"0.375": {
							"vector": [-147.4294, 8.8984, -66.57712]
						},
						"0.4583": {
							"vector": [-121.60161, -1.00968, -56.09871]
						},
						"0.5417": {
							"vector": [-116.90543, -7.21167, -51.86847]
						},
						"0.625": {
							"vector": [-99.40543, -7.21167, -51.86847]
						},
						"0.75": {
							"vector": [-80.12488, -9.89002, -56.21915]
						},
						"0.8333": {
							"vector": [-67.45655, -3.46419, -57.68681]
						},
						"0.9583": {
							"vector": [-42.5, 0, -56.25]
						},
						"1.0417": {
							"vector": [-40, 0, -55]
						},
						"1.1667": {
							"vector": [0, 0, 0]
						}
					},